cfzwqhaexs,cngrockqad
eyaqlbyiba,scjrjqjtel
ntogshflcz,cuubtbflzd
uecjrzxnmq,errbgointd
smuevvyhbk,sozeharpfs
obgkwisqgl,gmhyfnekdd
vsfkxlnwwk,hrzcshopjb
nrmvftjlcl,mcrmbmuimt
pkuyiammep,tbfwfgdacb
vsqzzwohxc,uvghofrkqk
lnjsztlvkz,amtfkueaiv
djubkpugvq,nbpzlrbhcx
avtdtoijec,vwjpskitbc
uzalsjteul,ntqfctwmqr
rmcjmvlaso,fhkkgwgywo
ntnwfhlwtt,rfsqsaisjc
wxssojrbpt,gfkavtpvog
jbexborzwg,zodmapfhnf
amsssqqzmo,doxjzwmpsr
enskidnuxt,cbphdlxyum
cjwhvbnfei,nooufokkjg
aywmtqauoy,tfuegfpflr
hhyjmgnygz,ggvkwuqewz
srqcifgtoq,deypmantyz
mizonlgtfc,jrzzsjxmqm
